kind,M,N,method,option,estimate,variance,ci_width
price,50,1000,MC,call,6.75423170982506,75.39149293418856,1.0763344447818781
price,50,1000,MC,digital,0.2950154421987464,0.1994617688427324,0.05536252635804262
delta,50,1000,malliavin_A,call,0.716797722131317,17.86585635770042,0.5239598220617376
delta,50,1000,malliavin_A,digital,-0.003910728416705709,0.02995836269472464,0.021455819362406477
delta,50,1000,malliavin_B,call,0.6997010599422925,2.5797659873129177,0.19910227539494674
delta,50,1000,malliavin_B,digital,0.0044277084080954114,0.0008837583152558878,0.0036851300893656486
delta,50,1000,FD_eps_1.0,call,0.6509596502765612,0.2745152049973722,0.06494852150797281
delta,50,1000,FD_eps_1.0,digital,0.00824878703516232,0.028920137057221407,0.021080758859113372
price,50,3000,MC,call,6.5332528269519266,70.43130125614982,0.6006317639570575
price,50,3000,MC,digital,0.2969563332658435,0.20006357126717442,0.032011752329001
delta,50,3000,malliavin_A,call,0.5969143553698424,15.291110548967415,0.2798626574706797
delta,50,3000,malliavin_A,digital,0.0016278236139173625,0.030962739641816336,0.012593461827895808
delta,50,3000,malliavin_B,call,0.6219487848191753,1.9364700896809095,0.09959346361763699
delta,50,3000,malliavin_B,digital,0.004189615149836024,0.0008698413458728811,0.002110792114919661
delta,50,3000,FD_eps_1.0,call,0.6418467870987076,0.2745808050332584,0.037502526503615075
delta,50,3000,FD_eps_1.0,digital,0.005499191356774879,0.02964522344347323,0.012322612838758223
price,50,5000,MC,call,6.583767664068906,72.09291235480534,0.47070341583822817
price,50,5000,MC,digital,0.299867669866489,0.20112484641565834,0.024861877805031463
delta,50,5000,malliavin_A,call,0.6430068040513253,15.698542620544988,0.2196497599927405
delta,50,5000,malliavin_A,digital,0.0027956997541444422,0.032781604006106226,0.010037282897272853
delta,50,5000,malliavin_B,call,0.635359488769073,2.170348280219828,0.08167060647891633
delta,50,5000,malliavin_B,digital,0.004426305532049716,0.0008739830515541124,0.001638900434035034
delta,50,5000,FD_eps_1.0,call,0.6447564108677587,0.2749582189291628,0.02906928955221666
delta,50,5000,FD_eps_1.0,digital,0.005240405881161944,0.028607901547471334,0.009376571423916777
price,50,7000,MC,call,6.5834739443306,73.64165354894874,0.40206735489299916
price,50,7000,MC,digital,0.2980654138756132,0.20044189320820838,0.020976416375793505
delta,50,7000,malliavin_A,call,0.710821747008879,16.924560778772612,0.19275060524304877
delta,50,7000,malliavin_A,digital,0.003081019511082702,0.033034903703983834,0.008515763066865195
delta,50,7000,malliavin_B,call,0.6459584699176888,2.263519852807894,0.07049027437089372
delta,50,7000,malliavin_B,digital,0.0044956205660057124,0.0008447031234181784,0.001361724016285086
delta,50,7000,FD_eps_1.0,call,0.6418745186583353,0.2758882049988336,0.024609546676309213
delta,50,7000,FD_eps_1.0,digital,0.004713592591521325,0.028840258146590858,0.007956766597267777
price,50,9000,MC,call,6.51672091338294,71.89142464738111,0.35035099665296165
price,50,9000,MC,digital,0.29900505161444585,0.20078640555734018,0.018515351655544632
delta,50,9000,malliavin_A,call,0.7026468353369689,16.705557191558086,0.16888663983353447
delta,50,9000,malliavin_A,digital,0.003956547648552241,0.03309443091587578,0.0075169605502469
delta,50,9000,malliavin_B,call,0.6311450746042242,2.134694741052425,0.06037160229124283
delta,50,9000,malliavin_B,digital,0.004565475771077425,0.0008501671808295191,0.0012048056075335562
delta,50,9000,FD_eps_1.0,call,0.6405287301517021,0.2750875327140577,0.021672063591169577
delta,50,9000,FD_eps_1.0,digital,0.005768759560538354,0.02924315157110655,0.007066053151844714
price,50,11000,MC,call,6.49156825298462,70.7839293689162,0.3144539527288117
price,50,11000,MC,digital,0.30366122967945136,0.20249495027567802,0.016818870365039817
delta,50,11000,malliavin_A,call,0.6638455150180431,15.976639197924595,0.1493937532377223
delta,50,11000,malliavin_A,digital,0.003775485803469519,0.03479182671799668,0.006971533847657814
delta,50,11000,malliavin_B,call,0.626473871441739,2.0785651520168735,0.053885453891440394
delta,50,11000,malliavin_B,digital,0.004597662725957015,0.0008645486788185459,0.0010989664904394701
delta,50,11000,FD_eps_1.0,call,0.6435504563287769,0.2734881109622722,0.01954604751557132
delta,50,11000,FD_eps_1.0,digital,0.005910895522522731,0.029933017657044002,0.0064664358774240115
price,50,13000,MC,call,6.507989791007161,70.70067821402453,0.28908541480756256
price,50,13000,MC,digital,0.30374945200068304,0.2025241482017855,0.01547222591247821
delta,50,13000,malliavin_A,call,0.6679526174042048,15.877510759042329,0.13699527822512936
delta,50,13000,malliavin_A,digital,0.0035427931486841906,0.03477218795138794,0.006411068247337254
delta,50,13000,malliavin_B,call,0.6279160083101629,2.0723692067899186,0.049493476010804116
delta,50,13000,malliavin_B,digital,0.004656389801184029,0.0008680021000985816,0.001012919142909961
delta,50,13000,FD_eps_1.0,call,0.6452339385317786,0.2730600955026055,0.017965673790124592
delta,50,13000,FD_eps_1.0,digital,0.006270571139851898,0.02995456235805983,0.005950396153708466
price,50,15000,MC,call,6.506685483928723,70.72520851822634,0.26917055858996086
price,50,15000,MC,digital,0.30374945200068304,0.20252207089254742,0.014403784572496359
delta,50,15000,malliavin_A,call,0.6816546702598184,15.903097793453373,0.12763838553594087
delta,50,15000,malliavin_A,digital,0.004206605999872872,0.0346942508636698,0.005961687325310374
delta,50,15000,malliavin_B,call,0.6282839354393679,2.0620966930229403,0.04596158005963069
delta,50,15000,malliavin_B,digital,0.004695162923200847,0.00086038911318633,0.0009388320143975497
delta,50,15000,FD_eps_1.0,call,0.6442690530798371,0.2733263451392064,0.016733284096767775
delta,50,15000,FD_eps_1.0,digital,0.0066960741814847055,0.029826782832925332,0.005527689545816068
price,50,17000,MC,call,6.512884546416942,71.53939369484915,0.2542928995877336
price,50,17000,MC,digital,0.30357819690652743,0.20245829294498044,0.013527869082900823
delta,50,17000,malliavin_A,call,0.6792618764926417,15.951556060222387,0.12007791368739595
delta,50,17000,malliavin_A,digital,0.0043514048522689764,0.03484576089773527,0.00561224449311744
delta,50,17000,malliavin_B,call,0.6310180548715096,2.1299841209142487,0.04387829960484746
delta,50,17000,malliavin_B,digital,0.0046247636762705695,0.0008609642750444893,0.0008821738336112946
delta,50,17000,FD_eps_1.0,call,0.6435403504216749,0.2736936363155409,0.01572874082144482
delta,50,17000,FD_eps_1.0,digital,0.006393523515143111,0.029958855433020348,0.005203843354143979
price,50,19000,MC,call,6.498451283078007,71.11525106000956,0.23982289450962568
price,50,19000,MC,digital,0.3045666692920923,0.20281518232185794,0.012807356474905163
delta,50,19000,malliavin_A,call,0.6684129437873687,15.763247721138471,0.11290992445823034
delta,50,19000,malliavin_A,digital,0.004584832497808498,0.0345563896668224,0.005286563435412957
delta,50,19000,malliavin_B,call,0.6266990079537997,2.1076051965965297,0.04128610349422468
delta,50,19000,malliavin_B,digital,0.0046472065133308345,0.0008598288189290577,0.0008339024795688821
delta,50,19000,FD_eps_1.0,call,0.6437631586575259,0.27361439045183017,0.014875745305413357
delta,50,19000,FD_eps_1.0,digital,0.0056439069187952705,0.02984595781867748,0.004913059536769139
price,50,21000,MC,call,6.4703213127990855,70.83182484876595,0.22766204624985242
price,50,21000,MC,digital,0.30582897814400123,0.2032686814579682,0.012195838218241106
delta,50,21000,malliavin_A,call,0.6634810618299617,15.688322953940416,0.10714321653514358
delta,50,21000,malliavin_A,digital,0.004850284012358836,0.034787042465477154,0.005045278836701875
delta,50,21000,malliavin_B,call,0.6229604588980908,2.0883610569200495,0.03909121892936618
delta,50,21000,malliavin_B,digital,0.00472268525623502,0.0008626656462301293,0.0007945068966775087
delta,50,21000,FD_eps_1.0,call,0.6428887017231035,0.2736647869974985,0.014150959218570236
delta,50,21000,FD_eps_1.0,digital,0.005568508894885487,0.029781741967835066,0.004668221644544866
price,50,23000,MC,call,6.472465995687202,71.16198028866287,0.21804501468909976
price,50,23000,MC,digital,0.30488867067050085,0.20292957020329588,0.011643802134839842
delta,50,23000,malliavin_A,call,0.6651637657156354,15.695836489119621,0.10240340131630465
delta,50,23000,malliavin_A,digital,0.005245982249407689,0.034403404463920144,0.004794274095456418
delta,50,23000,malliavin_B,call,0.6247382502410245,2.102091539188232,0.03747554531771469
delta,50,23000,malliavin_B,digital,0.004676227551913919,0.0008587544749448756,0.0007574546840740902
delta,50,23000,FD_eps_1.0,call,0.6421344003084595,0.27405506756637255,0.013531348128877019
delta,50,23000,FD_eps_1.0,digital,0.005527320212819762,0.029656794107033972,0.0044512731982537836
price,50,25000,MC,call,6.475437246627675,71.09471736602116,0.20904256647230746
price,50,25000,MC,digital,0.30584561435314783,0.20327310150941774,0.011177791887549748
delta,50,25000,malliavin_A,call,0.6572291942415539,15.679566173042108,0.0981709703815612
delta,50,25000,malliavin_A,digital,0.0048370993217560524,0.03440923197817052,0.0045988956164251405
delta,50,25000,malliavin_B,call,0.624274960378276,2.092207846598767,0.03586067632043499
delta,50,25000,malliavin_B,digital,0.004775263163403836,0.0008647273184536176,0.0007290472101664103
delta,50,25000,FD_eps_1.0,call,0.643183037221622,0.2737500139977094,0.012971587744134316
delta,50,25000,FD_eps_1.0,digital,0.005550948451897466,0.029635955217396905,0.004268010975865023
price,50,27000,MC,call,6.482452495074235,71.40188700840193,0.201585379074265
price,50,27000,MC,digital,0.30662484617416,0.20355145509616607,0.010763197032256477
delta,50,27000,malliavin_A,call,0.6631480574589417,15.703966068169997,0.09453853303947857
delta,50,27000,malliavin_A,digital,0.005050966456801072,0.03498163453172295,0.004461945219662514
delta,50,27000,malliavin_B,call,0.624290967120924,2.128006481628238,0.03480091463213353
delta,50,27000,malliavin_B,digital,0.0047984392718409905,0.0008679331847504261,0.0007028252111392439
delta,50,27000,FD_eps_1.0,call,0.6436157037474834,0.273738895734477,0.012481662649536096
delta,50,27000,FD_eps_1.0,digital,0.0055710762111118054,0.029496117694915225,0.004097194807955647
price,50,29000,MC,call,6.475332985433866,71.4526452031225,0.19457911494842506
price,50,29000,MC,digital,0.3064600067668013,0.2034920259969937,0.01038390642770426
delta,50,29000,malliavin_A,call,0.6558590831949976,15.600433912924322,0.09091915842252773
delta,50,29000,malliavin_A,digital,0.004457824990724105,0.035154397747011505,0.004315954913076946
delta,50,29000,malliavin_B,call,0.6236699945716823,2.1230434606952735,0.03354026660516851
delta,50,29000,malliavin_B,digital,0.004747799267093147,0.00087181565685479,0.0006796720332198115
delta,50,29000,FD_eps_1.0,call,0.6428262886980134,0.273890266036545,0.012046901710747626
delta,50,29000,FD_eps_1.0,digital,0.00577247774265923,0.029543974808871304,0.003956594384163544
price,50,31000,MC,call,6.465324832802142,71.40944190981301,0.18814082304374757
price,50,31000,MC,digital,0.30669209329595915,0.20357449894276936,0.01004539242887681
delta,50,31000,malliavin_A,call,0.6633845570675325,15.540260891532855,0.08776763033323443
delta,50,31000,malliavin_A,digital,0.005174633640980527,0.03524708652978175,0.004179909053074651
delta,50,31000,malliavin_B,call,0.6210021903394713,2.1194670720567137,0.032412949829456306
delta,50,31000,malliavin_B,digital,0.004700181087251921,0.000870834410647473,0.0006570115599654029
delta,50,31000,FD_eps_1.0,call,0.6420463149306076,0.2740287262402291,0.01165475815735273
delta,50,31000,FD_eps_1.0,digital,0.005447016865723884,0.02963686884319555,0.003832846080546919
price,50,33000,MC,call,6.4649755634122,71.4391903010471,0.18238846104533302
price,50,33000,MC,digital,0.3066607886013285,0.20356292192042535,0.009735952247396096
delta,50,33000,malliavin_A,call,0.6542022692517921,15.577889896530063,0.08516936554569221
delta,50,33000,malliavin_A,digital,0.004974865924315909,0.035264466263564484,0.004052264217029698
delta,50,33000,malliavin_B,call,0.6217398492513903,2.120262297007446,0.03142128142012801
delta,50,33000,malliavin_B,digital,0.004666613535686188,0.0008686647321414854,0.0006359971826690718
delta,50,33000,FD_eps_1.0,call,0.6419694054149326,0.2741322018817883,0.01129819651335695
delta,50,33000,FD_eps_1.0,digital,0.00551389507698016,0.029429168747779705,0.0037018438429725804
price,50,35000,MC,call,6.4564044369969995,71.37999250804023,0.17702731967334806
price,50,35000,MC,digital,0.306938058753771,0.20366151518254705,0.009455979675620396
delta,50,35000,malliavin_A,call,0.6553977018407494,15.545673496136423,0.0826146021702201
delta,50,35000,malliavin_A,digital,0.004874497762058784,0.03520861927177875,0.003931665322109925
delta,50,35000,malliavin_B,call,0.6210803120115748,2.112568814808412,0.030454920989119172
delta,50,35000,malliavin_B,digital,0.004750489560481982,0.0008730203946014667,0.0006191048974493966
delta,50,35000,FD_eps_1.0,call,0.6413761795390414,0.27412559729848374,0.010970510573256265
delta,50,35000,FD_eps_1.0,digital,0.005891990739401657,0.029571170137875587,0.003603182834291495
price,50,37000,MC,call,6.469573680382951,71.44082593092132,0.17224968580247513
price,50,37000,MC,digital,0.3077886036808579,0.20396376369756225,0.00920368430705032
delta,50,37000,malliavin_A,call,0.6515415338534513,15.492073092943142,0.08021211608543144
delta,50,37000,malliavin_A,digital,0.004799489184281615,0.03526281322351695,0.003826869771291989
delta,50,37000,malliavin_B,call,0.6232367478214239,2.12147277750032,0.029682736491545292
delta,50,37000,malliavin_B,digital,0.004817349879731035,0.0008789070899743255,0.0006041665670492198
delta,50,37000,FD_eps_1.0,call,0.6425964182919871,0.27396476987439705,0.01066676100157915
delta,50,37000,FD_eps_1.0,digital,0.005468591722834161,0.029566480393906223,0.0035041688081210737
price,50,39000,MC,call,6.461304647780443,71.48567528924721,0.16782755807785676
price,50,39000,MC,digital,0.30743216838440557,0.20383686310647522,0.008961797514920988
delta,50,39000,malliavin_A,call,0.6458712633973365,15.515887838029949,0.0781883555620333
delta,50,39000,malliavin_A,digital,0.004827352123097191,0.035213736404047034,0.0037248588308447014
delta,50,39000,malliavin_B,call,0.6237182807519123,2.1325407680046515,0.02898694421298731
delta,50,39000,malliavin_B,digital,0.004837578809643774,0.0008760477194123235,0.0005875132224497336
delta,50,39000,FD_eps_1.0,call,0.6416314055464301,0.274160350583246,0.010393362787415317
delta,50,39000,FD_eps_1.0,digital,0.0055489577943927506,0.02951480962252299,0.003410152153096719
price,50,41000,MC,call,6.447140770167271,71.60013281455053,0.16381401417770292
price,50,41000,MC,digital,0.3075838953283625,0.20389053768743576,0.008741635107305301
delta,50,41000,malliavin_A,call,0.6451024360453598,15.420387207322726,0.07602243538918318
delta,50,41000,malliavin_A,digital,0.004837467451109679,0.035323745370630065,0.0036385429972732343
delta,50,41000,malliavin_B,call,0.6222600982120884,2.135520451667486,0.028290850657749722
delta,50,41000,malliavin_B,digital,0.004849256529762262,0.0008802768808248532,0.0005743859215423235
delta,50,41000,FD_eps_1.0,call,0.640865995854304,0.274166450759283,0.010136809702758542
delta,50,41000,FD_eps_1.0,digital,0.0060948713387497765,0.029565989339608963,0.003328820264869966
price,50,43000,MC,call,6.445746616319794,71.45240040138057,0.15979392001180415
price,50,43000,MC,digital,0.30785691914267904,0.2039872333791434,0.008537944612682757
delta,50,43000,malliavin_A,call,0.6429416594879055,15.3270693343397,0.0740084656092923
delta,50,43000,malliavin_A,digital,0.004852655391002254,0.035392734437394456,0.0035563860492921033
delta,50,43000,malliavin_B,call,0.6214670208416063,2.118260417402039,0.02751322594341099
delta,50,43000,malliavin_B,digital,0.004858549203199496,0.0008793839954938546,0.0005605845418546924
delta,50,43000,FD_eps_1.0,call,0.6412208994567574,0.27395239970150215,0.009894398409122429
delta,50,43000,FD_eps_1.0,digital,0.006048358209093027,0.0297501502891342,0.0032605917190301793
price,50,45000,MC,call,6.433238179902399,71.28684449739636,0.1560215204019979
price,50,45000,MC,digital,0.30804097780459755,0.20405228154871982,0.008347386788943423
delta,50,45000,malliavin_A,call,0.6405444271113641,15.320990853699438,0.07233079471033488
delta,50,45000,malliavin_A,digital,0.004871041137653797,0.03537202881164058,0.0034754399994219565
delta,50,45000,malliavin_B,call,0.6195286951869216,2.1049286907562212,0.026810104328047757
delta,50,45000,malliavin_B,digital,0.004907037452157402,0.0008819261495294665,0.0005487770238170927
delta,50,45000,FD_eps_1.0,call,0.6406425713467059,0.2740094225389401,0.009673030537992844
delta,50,45000,FD_eps_1.0,digital,0.0059197177546459,0.029720144625439347,0.0031857028890283166
price,50,47000,MC,call,6.421934135061041,71.14734141737047,0.15251637562276343
price,50,47000,MC,digital,0.30794095079452016,0.204016631898392,0.008167138581188005
delta,50,47000,malliavin_A,call,0.6389752472573776,15.280487475693727,0.07068149758592668
delta,50,47000,malliavin_A,digital,0.005105577620212627,0.035255506334058696,0.0033950847215690333
delta,50,47000,malliavin_B,call,0.6183146196663923,2.096196217751449,0.026179003101989062
delta,50,47000,malliavin_B,digital,0.004934927973031584,0.0008832416087222865,0.0005373743070505779
delta,50,47000,FD_eps_1.0,call,0.639667879126907,0.2742060204928825,0.009468378945600264
delta,50,47000,FD_eps_1.0,digital,0.005874292644564906,0.029696829356883156,0.00311596219431088
price,50,49000,MC,call,6.420953850559181,71.12564732627091,0.14934859557933144
price,50,49000,MC,digital,0.30786889426554204,0.20399090038182532,0.00799822144978124
delta,50,49000,malliavin_A,call,0.6398230357158637,15.315555451486182,0.06930337790891627
delta,50,49000,malliavin_A,digital,0.004901672265648701,0.03519866379584658,0.0033223938608144417
delta,50,49000,malliavin_B,call,0.618250926136304,2.0917644179022896,0.025612054221677782
delta,50,49000,malliavin_B,digital,0.004942755902423032,0.0008838376240067581,0.0005264707768608996
delta,50,49000,FD_eps_1.0,call,0.6397421044692403,0.2741277637862432,0.009271810326110241
delta,50,49000,FD_eps_1.0,digital,0.006099943353733479,0.029686638401824967,0.003051184983381425
price,50,51000,MC,call,6.420826989239221,71.08595680695097,0.14635005353659203
price,50,51000,MC,digital,0.30793568763559814,0.20401442524939417,0.007840277186166755
delta,50,51000,malliavin_A,call,0.6344334413557805,15.33034980291584,0.06796369953973924
delta,50,51000,malliavin_A,digital,0.0049826630244087485,0.035206788547327374,0.0032569731994949638
delta,50,51000,malliavin_B,call,0.6185067612974063,2.0921572480766257,0.02510719182056409
delta,50,51000,malliavin_B,digital,0.0049587767336849295,0.0008856876301510231,0.000516584378012842
delta,50,51000,FD_eps_1.0,call,0.6398194246182438,0.2741689370308709,0.009088874425007276
delta,50,51000,FD_eps_1.0,digital,0.005851215716983651,0.02960884418405096,0.002986838262981739
price,150,1000,MC,call,5.745501844746574,66.88079736450334,1.0137638209276876
price,150,1000,MC,digital,0.31927658053745916,0.2081111077773024,0.05655014170229056
delta,150,1000,malliavin_A,call,0.5339306908954863,38.2871261259074,0.7670301786117306
delta,150,1000,malliavin_A,digital,0.009100594645497196,0.11398856579350553,0.04185204770867637
delta,150,1000,malliavin_B,call,0.5917601755919406,2.121804928588534,0.18056717103245212
delta,150,1000,malliavin_B,digital,0.008213779227451949,0.0009587600717054157,0.003838318742086709
delta,150,1000,FD_eps_1.0,call,0.6017104541420465,0.2789667684237805,0.06547300932679945
delta,150,1000,FD_eps_1.0,digital,0.010189678102259334,0.02511348521876976,0.019644435834752387
price,150,3000,MC,call,5.6368089496984854,66.11851613280042,0.5819517638381679
price,150,3000,MC,digital,0.28854580530842305,0.19682491452947337,0.03175158981125037
delta,150,3000,malliavin_A,call,0.4477040633993132,36.02967299667983,0.4295914210565589
delta,150,3000,malliavin_A,digital,0.004709994464783054,0.09354744246009913,0.021889780110201103
delta,150,3000,malliavin_B,call,0.5961688954942216,2.296575173717933,0.10845904411254237
delta,150,3000,malliavin_B,digital,0.006683534139164774,0.0009133152530226884,0.0021628967847193443
delta,150,3000,FD_eps_1.0,call,0.5792153635131281,0.2804214862537234,0.03789929078654475
delta,150,3000,FD_eps_1.0,digital,0.01002793718000125,0.028004750644725608,0.011976813715218136
price,150,5000,MC,call,5.650187027525717,65.42492298861141,0.4484073007015379
price,150,5000,MC,digital,0.28880459078403603,0.19690041361946176,0.024599392333316317
delta,150,5000,malliavin_A,call,0.5049094875081115,35.805324943555426,0.3317224578507311
delta,150,5000,malliavin_A,digital,0.006125508892086422,0.10196346861287142,0.01770204193923869
delta,150,5000,malliavin_B,call,0.5911617197289465,2.1171407505986335,0.08066328982876758
delta,150,5000,malliavin_B,digital,0.007207069136639567,0.0009433125581002931,0.0017026636833381006
delta,150,5000,FD_eps_1.0,call,0.5795526642816863,0.28066901573658165,0.02936961819096262
delta,150,5000,FD_eps_1.0,digital,0.008928098908646273,0.02686012673573409,0.00908563097943103
price,150,7000,MC,call,5.558787563020188,64.03825131986613,0.3749356868815905
price,150,7000,MC,digital,0.2903018496072252,0.1974751801868531,0.02082060315039358
delta,150,7000,malliavin_A,call,0.5150643250687023,35.72746542915992,0.2800516597167242
delta,150,7000,malliavin_A,digital,0.004689443150639987,0.10354874799217013,0.01507681039187042
delta,150,7000,malliavin_B,call,0.5858768782015112,2.0357743045584753,0.06685006920988767
delta,150,7000,malliavin_B,digital,0.007317214779792995,0.00095856020513589,0.0014505968986297697
delta,150,7000,FD_eps_1.0,call,0.5753141640957529,0.2802839238010923,0.024804823513344232
delta,150,7000,FD_eps_1.0,digital,0.008664692263825966,0.026466283184069923,0.007622255889542826
price,150,9000,MC,call,5.62911720401602,64.27459228404936,0.3312718076467007
price,150,9000,MC,digital,0.29253541472412253,0.1983347549509654,0.0184019660135617
delta,150,9000,malliavin_A,call,0.5489193552951401,35.52374609494479,0.2462771907138963
delta,150,9000,malliavin_A,digital,0.005423836261487015,0.105254976054077,0.01340559611189533
delta,150,9000,malliavin_B,call,0.5859279676428657,2.018248811097258,0.058701900906988236
delta,150,9000,malliavin_B,digital,0.007293667084545072,0.0009634636554459314,0.0012825741440575392
delta,150,9000,FD_eps_1.0,call,0.580898812640835,0.28007925492481217,0.021867809581098463
delta,150,9000,FD_eps_1.0,digital,0.00760182334612998,0.026811640686085558,0.00676591453487147
price,150,11000,MC,call,5.692596909112653,64.7883753859989,0.3008418629493832
price,150,11000,MC,digital,0.29466255291381976,0.19914604247520729,0.01667921337552991
delta,150,11000,malliavin_A,call,0.5562210250629346,36.01623396285825,0.2243049583140338
delta,150,11000,malliavin_A,digital,0.004984004309566643,0.10600806999511642,0.012169120408838687
delta,150,11000,malliavin_B,call,0.5918990525818152,2.0590072530507983,0.053631341797734544
delta,150,11000,malliavin_B,digital,0.007321465320986019,0.0009540310094565421,0.001154438946915656
delta,150,11000,FD_eps_1.0,call,0.5863213861434813,0.27969068937586344,0.019766452317052208
delta,150,11000,FD_eps_1.0,digital,0.006307895968065302,0.027766192127875396,0.006227989714432044
price,150,13000,MC,call,5.676326917184897,64.59305905523942,0.2763168168643251
price,150,13000,MC,digital,0.2936717483830639,0.1987646303363091,0.01532794535781934
delta,150,13000,malliavin_A,call,0.5678734279844175,36.10462981652358,0.206583598949233
delta,150,13000,malliavin_A,digital,0.005048619575528276,0.10563004565169383,0.011173986044181052
delta,150,13000,malliavin_B,call,0.5891206889706118,2.034031091685252,0.04903353277038103
delta,150,13000,malliavin_B,digital,0.007229951908266818,0.0009598536204543518,0.0010651650169502362
delta,150,13000,FD_eps_1.0,call,0.5852756449488435,0.27952937564388103,0.018177247396537588
delta,150,13000,FD_eps_1.0,digital,0.006382545624492111,0.028160032705995486,0.0057694042258305545
price,150,15000,MC,call,5.601014799925547,63.44186649171749,0.25493438335623075
price,150,15000,MC,digital,0.29326864023835914,0.19860798723438605,0.014263916654828623
delta,150,15000,malliavin_A,call,0.5638399520472887,35.98975147646695,0.19201265879935825
delta,150,15000,malliavin_A,digital,0.006049245925228574,0.10609278670118506,0.010425175290501004
delta,150,15000,malliavin_B,call,0.5748507616450995,1.9482559198301501,0.044674884641878965
delta,150,15000,malliavin_B,digital,0.007138706429128748,0.000950084640926122,0.000986555645544205
delta,150,15000,FD_eps_1.0,call,0.5819789291241944,0.27917139348687997,0.016911257199228258
delta,150,15000,FD_eps_1.0,digital,0.006501985074775005,0.028447997864201872,0.0053984152883383065
price,150,17000,MC,call,5.664863833541685,64.14109335996967,0.24078519802642795
price,150,17000,MC,digital,0.29581463263813934,0.19957743196807703,0.013431277479854176
delta,150,17000,malliavin_A,call,0.5920111459204891,37.155779915248665,0.1832630023458215
delta,150,17000,malliavin_A,digital,0.005933000743302833,0.10751345082804617,0.009858095182921224
delta,150,17000,malliavin_B,call,0.5841195829785463,1.974105374439152,0.042242223667085854
delta,150,17000,malliavin_B,digital,0.007312135221078539,0.000955359714027606,0.000929276743103247
delta,150,17000,FD_eps_1.0,call,0.5876311139143702,0.27865360483756935,0.015870621681318253
delta,150,17000,FD_eps_1.0,digital,0.007078543891765588,0.028730800451517564,0.0050960709897758735
price,150,19000,MC,call,5.679383299043872,64.12716301307718,0.2277352615514392
price,150,19000,MC,digital,0.29762032231511354,0.2002569960709157,0.012726328085847727
delta,150,19000,malliavin_A,call,0.5862527931542938,37.01741713748725,0.17302638051092
delta,150,19000,malliavin_A,digital,0.0060522358715313935,0.1074333360935513,0.009321349619211595
delta,150,19000,malliavin_B,call,0.5842960346868623,1.9713672482906248,0.03992942305469338
delta,150,19000,malliavin_B,digital,0.007312225159808332,0.0009594746199460068,0.0008808987874216676
delta,150,19000,FD_eps_1.0,call,0.589833139860357,0.2785211554492083,0.015008537014671752
delta,150,19000,FD_eps_1.0,digital,0.00651220029091762,0.028645742276537312,0.004813259832665019
price,150,21000,MC,call,5.676486361389931,64.083533745322,0.21654574057054
price,150,21000,MC,digital,0.2965404280371799,0.19984962509358414,0.01209283392489724
delta,150,21000,malliavin_A,call,0.5881531054505803,37.08889430415429,0.16473973491184957
delta,150,21000,malliavin_A,digital,0.005343837651579637,0.10667171820197897,0.008834888337286899
delta,150,21000,malliavin_B,call,0.5838904028089228,1.974837236647763,0.03801386896861536
delta,150,21000,malliavin_B,digital,0.007347888099472994,0.0009618422760634651,0.0008389350718648256
delta,150,21000,FD_eps_1.0,call,0.5888654597441736,0.27871516788510226,0.01428093760392235
delta,150,21000,FD_eps_1.0,digital,0.0064003193522127804,0.028717856151096857,0.004584082526267309
price,150,23000,MC,call,5.680388926850107,64.04814368012933,0.20685947709226227
price,150,23000,MC,digital,0.2967031735614395,0.1999101881182466,0.011556853631353614
delta,150,23000,malliavin_A,call,0.5929092584560502,37.04117845171337,0.15731297585447823
delta,150,23000,malliavin_A,digital,0.0058400512963937895,0.10671430534457563,0.008443713127288942
delta,150,23000,malliavin_B,call,0.5840450335477201,1.9608280347591653,0.03619444343213307
delta,150,23000,malliavin_B,digital,0.007420620851290433,0.0009639885422404625,0.0008025241032675497
delta,150,23000,FD_eps_1.0,call,0.5890239402111982,0.27885617596376233,0.013649359823066698
delta,150,23000,FD_eps_1.0,digital,0.006118026189762334,0.028626213221723807,0.004373247936629055
price,150,25000,MC,call,5.668224800549841,64.00849268638491,0.19835121396311806
price,150,25000,MC,digital,0.2968786976231596,0.19997564403743137,0.011086759195611307
delta,150,25000,malliavin_A,call,0.5843756918025836,37.15324743086341,0.15111739295284576
delta,150,25000,malliavin_A,digital,0.006475859906012897,0.10675348234216844,0.008100411621794777
delta,150,25000,malliavin_B,call,0.5835709518585979,1.9731962665772003,0.03482580830977611
delta,150,25000,malliavin_B,digital,0.007405788305819804,0.0009605766578578808,0.0007683906598939718
delta,150,25000,FD_eps_1.0,call,0.5883245781420567,0.27882579369052496,0.01309129279508503
delta,150,25000,FD_eps_1.0,digital,0.006133215772026572,0.028612005256136854,0.004193630968828333
price,150,27000,MC,call,5.649578737715335,63.78885460360334,0.19053579962839073
price,150,27000,MC,digital,0.2963812544311481,0.19978741614596204,0.010663217066271269
delta,150,27000,malliavin_A,call,0.6017359599755614,37.30857708691053,0.14571643174181403
delta,150,27000,malliavin_A,digital,0.007189004960721373,0.10725802425058618,0.0078130226138544
delta,150,27000,malliavin_B,call,0.5804082525314236,1.9492539298772993,0.033307220654178904
delta,150,27000,malliavin_B,digital,0.007433561277818752,0.0009583585662344839,0.0007385300984910793
delta,150,27000,FD_eps_1.0,call,0.5870433059294499,0.27882303527587343,0.012597040053951458
delta,150,27000,FD_eps_1.0,digital,0.006397752035986461,0.02854442357243655,0.004030554737959128
price,150,29000,MC,call,5.648264552963057,63.524500718475004,0.18346688960328095
price,150,29000,MC,digital,0.297090187822195,0.20005416455237676,0.010295818224049902
delta,150,29000,malliavin_A,call,0.5976310520690281,37.0895059889456,0.14018856572347338
delta,150,29000,malliavin_A,digital,0.006916323234136245,0.10746799717839811,0.007546171058870111
delta,150,29000,malliavin_B,call,0.5792620737980482,1.9272757873630169,0.03195648477654611
delta,150,29000,malliavin_B,digital,0.00752786325030461,0.0009639318478054068,0.0007146777027665129
delta,150,29000,FD_eps_1.0,call,0.5873683198724844,0.2786980765926179,0.012152176084614386
delta,150,29000,FD_eps_1.0,digital,0.006073650494450145,0.028647323583873733,0.0038960910256273153
price,150,31000,MC,call,5.63014573775066,63.266874780015,0.17708974439073266
price,150,31000,MC,digital,0.29485891872559344,0.1992091648542607,0.00993710497014244
delta,150,31000,malliavin_A,call,0.5899615090308657,36.856995511416095,0.1351652913820971
delta,150,31000,malliavin_A,digital,0.006502938974499993,0.10661007063293952,0.007269496564576337
delta,150,31000,malliavin_B,call,0.5760641557830504,1.9034690951364173,0.030716953133252956
delta,150,31000,malliavin_B,digital,0.007374201465627494,0.0009529450987464688,0.0006872886317983752
delta,150,31000,FD_eps_1.0,call,0.585274644883428,0.27895138549939497,0.011758975391696014
delta,150,31000,FD_eps_1.0,digital,0.006354853010011197,0.028502076532864202,0.0037587502591677584
price,150,33000,MC,call,5.620580077157538,63.197104169576185,0.1715448507049242
price,150,33000,MC,digital,0.2942214413076613,0.19896565632837984,0.009625386039333383
delta,150,33000,malliavin_A,call,0.5973564976314656,36.9854577361455,0.13123346507756262
delta,150,33000,malliavin_A,digital,0.0069382959409063074,0.10651656614799372,0.00704267546022651
delta,150,33000,malliavin_B,call,0.5759045448696992,1.9080477456456342,0.029807373949720217
delta,150,33000,malliavin_B,digital,0.007315497830378842,0.0009494183732294665,0.000664902419142549
delta,150,33000,FD_eps_1.0,call,0.5843697404019453,0.27897329913006813,0.01139752139954564
delta,150,33000,FD_eps_1.0,digital,0.0067343038540184355,0.028436753432526378,0.00363889147266937
price,150,35000,MC,call,5.629883921366209,63.27126296192742,0.16666917918680824
price,150,35000,MC,digital,0.29390636158897676,0.1988448477844102,0.009343491958110017
delta,150,35000,malliavin_A,call,0.6040253556227286,37.00067624608325,0.12745499950602324
delta,150,35000,malliavin_A,digital,0.006813094200898377,0.10715149761954977,0.006858847827068854
delta,150,35000,malliavin_B,call,0.5771592499961101,1.9059942985624034,0.02892762929866244
delta,150,35000,malliavin_B,digital,0.007323394036153773,0.0009499469579059277,0.0006458054756650934
delta,150,35000,FD_eps_1.0,call,0.5846665856934374,0.2790871402283874,0.011069345872537939
delta,150,35000,FD_eps_1.0,digital,0.006696074181484706,0.02832326495616035,0.003526336093788089
price,150,37000,MC,call,5.6280499823730965,63.33813772399483,0.16218767570084758
price,150,37000,MC,digital,0.29307455113164943,0.1985255621771598,0.009080158348778622
delta,150,37000,malliavin_A,call,0.595472807510297,36.980428742031634,0.12392849510052106
delta,150,37000,malliavin_A,digital,0.006626229916201233,0.10682355274112758,0.006660682216582952
delta,150,37000,malliavin_B,call,0.578250092992761,1.9118961433585064,0.02817846642735211
delta,150,37000,malliavin_B,digital,0.007283990084307048,0.0009484582162896793,0.0006276164333626523
delta,150,37000,FD_eps_1.0,call,0.5840248705853928,0.27920925652609063,0.010768373512008322
delta,150,37000,FD_eps_1.0,digital,0.0067144339618491365,0.028335883696305304,0.0034304696835104004
price,150,39000,MC,call,5.635032023489517,63.38193738283287,0.15802890052135687
price,150,39000,MC,digital,0.29265153641189756,0.19836254085178662,0.00884063773622712
delta,150,39000,malliavin_A,call,0.5869670767671041,36.77660842079531,0.12037591500701939
delta,150,39000,malliavin_A,digital,0.00665591911617982,0.10660541816070107,0.006481020609766677
delta,150,39000,malliavin_B,call,0.5800393751574017,1.9234603656406193,0.027529313683072987
delta,150,39000,malliavin_B,digital,0.0072342203394003424,0.0009480348620121642,0.0006111754732212957
delta,150,39000,FD_eps_1.0,call,0.5842669923934652,0.2792228960317209,0.010488883871083265
delta,150,39000,FD_eps_1.0,digital,0.006693585859603812,0.028341671572439,0.003341692577624694
price,150,41000,MC,call,5.636638817346619,63.4281507820959,0.1541825285235081
price,150,41000,MC,digital,0.29305088172839217,0.19851594184622234,0.008625650019741582
delta,150,41000,malliavin_A,call,0.5911003025671381,36.80440920622048,0.11744757768078729
delta,150,41000,malliavin_A,digital,0.00711593947303937,0.10679822705216042,0.006326684247315278
delta,150,41000,malliavin_B,call,0.5804438923773673,1.9325005646255176,0.026912494458106284
delta,150,41000,malliavin_B,digital,0.00728096105731571,0.0009491199550754329,0.0005964234229600598
delta,150,41000,FD_eps_1.0,call,0.584341737697624,0.27924756071172674,0.010230310913569962
delta,150,41000,FD_eps_1.0,digital,0.006722110525067714,0.02824289288867148,0.0032534843958832256
price,150,43000,MC,call,5.636054540411277,63.46087205802881,0.15059302497764726
price,150,43000,MC,digital,0.2931196881332098,0.1985421578321795,0.008423221244995838
delta,150,43000,malliavin_A,call,0.5967300239758685,36.72965246846347,0.11456718671545074
delta,150,43000,malliavin_A,digital,0.00701346770167142,0.10693280738783534,0.006181691443558057
delta,150,43000,malliavin_B,call,0.5808371648663624,1.9463590013968555,0.026373229449693003
delta,150,43000,malliavin_B,digital,0.007240333901084204,0.000944194464732699,0.0005808748378747456
delta,150,43000,FD_eps_1.0,call,0.5842834149436709,0.27922005098072933,0.0099890719258251
delta,150,43000,FD_eps_1.0,digital,0.006928529739520743,0.0283589014979804,0.003183439064686382
price,150,45000,MC,call,5.641298310188915,63.62077548676366,0.14739382502065013
price,150,45000,MC,digital,0.2936352529954775,0.19873977439956034,0.008238007943312198
delta,150,45000,malliavin_A,call,0.5832802132358275,36.49377891689104,0.11163213439671837
delta,150,45000,malliavin_A,digital,0.006584274612343018,0.10655387151024845,0.006032042976517771
delta,150,45000,malliavin_B,call,0.5821832731949309,1.9558724257620446,0.02584342514418103
delta,150,45000,malliavin_B,digital,0.007266832161106355,0.0009461795566555309,0.000568416387663355
delta,150,45000,FD_eps_1.0,call,0.5846006210486712,0.27920648806011444,0.009764332574479617
delta,150,45000,FD_eps_1.0,digital,0.007041121482301954,0.0283975746049158,0.0031140130964149703
price,150,47000,MC,call,5.637838231833305,63.37715191325348,0.14394729141435114
price,150,47000,MC,digital,0.2936526888963166,0.19874626730188832,0.008060957445201855
delta,150,47000,malliavin_A,call,0.5917254628510668,36.45749851574783,0.10917685293531454
delta,150,47000,malliavin_A,digital,0.0066288276944390205,0.10654794047098556,0.005902142186750885
delta,150,47000,malliavin_B,call,0.5814520347233637,1.9436506759829515,0.025208455921480022
delta,150,47000,malliavin_B,digital,0.007250381520638943,0.0009452271743823268,0.0005559109612700425
delta,150,47000,FD_eps_1.0,call,0.5846851867943202,0.27915732537828086,0.009553481179812806
delta,150,47000,FD_eps_1.0,digital,0.007144130949101783,0.02826261136246945,0.003039787895876984
price,150,49000,MC,call,5.627182238081685,63.213800647442355,0.14079718705655253
price,150,49000,MC,digital,0.2935696764038681,0.19871428174104774,0.00789409898303739
delta,150,49000,malliavin_A,call,0.590145584878017,36.682112252616776,0.10725441903446509
delta,150,49000,malliavin_A,digital,0.006774497794724435,0.10633954168513349,0.005774779673066138
delta,150,49000,malliavin_B,call,0.5799999807814733,1.9342634700523829,0.024628946875748126
delta,150,49000,malliavin_B,digital,0.0073149579725815365,0.0009527750964383445,0.000546617114846458
delta,150,49000,FD_eps_1.0,call,0.5843698522429742,0.27911683541842586,0.009355802455546902
delta,150,49000,FD_eps_1.0,digital,0.00708029139272636,0.02815052584986222,0.002971195871449203
price,150,51000,MC,call,5.63170475638659,63.22799487171134,0.13802434144493247
price,150,51000,MC,digital,0.2933980329761656,0.1986482999640599,0.007736479967378029
delta,150,51000,malliavin_A,call,0.5896383639678936,36.550021904294375,0.10494090368618658
delta,150,51000,malliavin_A,digital,0.0064403315666638865,0.10608425658903761,0.005653617825660245
delta,150,51000,malliavin_B,call,0.5805767356152723,1.931112953244251,0.024121528129628977
delta,150,51000,malliavin_B,digital,0.007335788889138045,0.0009539084199076739,0.0005361105085025363
delta,150,51000,FD_eps_1.0,call,0.5846802064959056,0.2790706825172674,0.009169762474561027
delta,150,51000,FD_eps_1.0,digital,0.007059515547970519,0.028203652260544845,0.0029151013236903287
price,250,1000,MC,call,5.137247175658106,55.961714895202974,0.9273241589463996
price,250,1000,MC,digital,0.29113366006455244,0.1979685205732655,0.055154904356158774
delta,250,1000,malliavin_A,call,0.41214881114083163,57.22050478122423,0.937695667405051
delta,250,1000,malliavin_A,digital,0.008123296668978548,0.18339229909980762,0.05308558584858307
delta,250,1000,malliavin_B,call,0.5112421294594509,1.71890568728147,0.1625219749850524
delta,250,1000,malliavin_B,digital,0.006893100709497716,0.0009231233200572499,0.0037663088276624008
delta,250,1000,FD_eps_1.0,call,0.558519798360234,0.2764688379732051,0.06517922024565381
delta,250,1000,FD_eps_1.0,digital,0.00824878703516232,0.031276905159284094,0.021922897514690502
price,250,3000,MC,call,5.394022351131255,60.00125958747535,0.55437753541697
price,250,3000,MC,digital,0.3021320427781022,0.20198624893227127,0.03216520633434439
delta,250,3000,malliavin_A,call,0.5668063800786889,57.14151383656115,0.5410050394768775
delta,250,3000,malliavin_A,digital,0.01538237771623388,0.192315953813569,0.031385792288235695
delta,250,3000,malliavin_B,call,0.5545488727781478,1.877851889978132,0.09807450107301086
delta,250,3000,malliavin_B,digital,0.007690646886249008,0.0009972524341073882,0.002260101753127336
delta,250,3000,FD_eps_1.0,call,0.5775424063439463,0.2763104627195241,0.037620460276881706
delta,250,3000,FD_eps_1.0,digital,0.009866196257743168,0.02902855451955657,0.012193774096771873
price,250,5000,MC,call,5.454979474723613,60.37880314128361,0.4307678819480909
price,250,5000,MC,digital,0.30122629361345693,0.20162675661177257,0.024892880077641233
delta,250,5000,malliavin_A,call,0.5868766121553628,56.51976124151135,0.4167745815525606
delta,250,5000,malliavin_A,digital,0.01315018339435299,0.18722116297823965,0.023987143551447813
delta,250,5000,malliavin_B,call,0.5569084085092239,1.754977443159976,0.07344070449358919
delta,250,5000,malliavin_B,digital,0.007945529299148308,0.0010031118660895038,0.0017558028465108344
delta,250,5000,FD_eps_1.0,call,0.5815839988842425,0.27601858714768174,0.029125288041652597
delta,250,5000,FD_eps_1.0,digital,0.01077194542238844,0.02950836144533077,0.009522996222970277
price,250,7000,MC,call,5.510524421873596,61.41118972722315,0.36716460026696573
price,250,7000,MC,digital,0.3031949116957982,0.20233589849995592,0.02107528800247116
delta,250,7000,malliavin_A,call,0.5798074390166192,56.11765248897741,0.3509835761738762
delta,250,7000,malliavin_A,digital,0.012355191378620999,0.1882489950896263,0.020328408546188448
delta,250,7000,malliavin_B,call,0.569818080106438,1.8119786789480143,0.06306865779471349
delta,250,7000,malliavin_B,digital,0.0077453586320312615,0.0009964568469013734,0.0014789936004993044
delta,250,7000,FD_eps_1.0,call,0.5863477942273314,0.2759766984075275,0.024613493217018334
delta,250,7000,FD_eps_1.0,digital,0.011160123635807843,0.02937705893290197,0.008030474442366802
price,250,9000,MC,call,5.440065337767019,60.32030624002953,0.32091985046577776
price,250,9000,MC,digital,0.3009459426815429,0.20150557500670022,0.01854848082363547
delta,250,9000,malliavin_A,call,0.6181834681756632,56.31007314943793,0.31006864975419796
delta,250,9000,malliavin_A,digital,0.013567420503387313,0.18628116325228722,0.0178340213792501
delta,250,9000,malliavin_B,call,0.5648148063044913,1.7767739216003358,0.05507834701473424
delta,250,9000,malliavin_B,digital,0.007803666694643779,0.0009984672980222814,0.0013056649173815863
delta,250,9000,FD_eps_1.0,call,0.5810240448063461,0.2762459725598781,0.021717648002243406
delta,250,9000,FD_eps_1.0,digital,0.010890555432044369,0.02923630557748816,0.0070652260011498415
price,250,11000,MC,call,5.432837103639073,60.56478651616212,0.29087059533281945
price,250,11000,MC,digital,0.29748566719323355,0.20021411612025186,0.016723881112051142
delta,250,11000,malliavin_A,call,0.6229949551462372,57.1916072806926,0.28265448135296256
delta,250,11000,malliavin_A,digital,0.014103010310652125,0.1818974003047264,0.01594053783751736
delta,250,11000,malliavin_B,call,0.5630399931209317,1.7827974435442184,0.04990461687193237
delta,250,11000,malliavin_B,digital,0.0076199376050713205,0.0009748713123341033,0.001166979883516374
delta,250,11000,FD_eps_1.0,call,0.5772163919494794,0.2773124407197823,0.019682234465436155
delta,250,11000,FD_eps_1.0,digital,0.009792677656716762,0.028887392738039475,0.006352488644545035
price,250,13000,MC,call,5.429672891483768,60.519984081076615,0.2674630504147988
price,250,13000,MC,digital,0.294418244947332,0.1990500793910304,0.015338947762412736
delta,250,13000,malliavin_A,call,0.5822527684615368,56.45691574419546,0.25832888252285713
delta,250,13000,malliavin_A,digital,0.012063688075350701,0.17821950324297814,0.01451416330727414
delta,250,13000,malliavin_B,call,0.5627541428933014,1.7909156747640478,0.046009971013561746
delta,250,13000,malliavin_B,digital,0.0077611904611936235,0.0009748250814206878,0.0010734399102218734
delta,250,13000,FD_eps_1.0,call,0.5748453851754698,0.2781189640300611,0.018131331252561722
delta,250,13000,FD_eps_1.0,digital,0.008062162894095299,0.028624799998650693,0.005816819952644401
price,250,15000,MC,call,5.396660399576315,60.23585067215399,0.24840936318485696
price,250,15000,MC,digital,0.2939156039273915,0.1988559599035398,0.014272818507596319
delta,250,15000,malliavin_A,call,0.6025846839288546,56.723756519494536,0.24105876630414702
delta,250,15000,malliavin_A,digital,0.013074548689363698,0.18104896521740216,0.0136187880496435
delta,250,15000,malliavin_B,call,0.5568982006574477,1.7565387426504424,0.042419867149771306
delta,250,15000,malliavin_B,digital,0.0077738113445687705,0.0009732091640181224,0.0009984895692317164
delta,250,15000,FD_eps_1.0,call,0.5726266542867497,0.27800160378202493,0.01687578905682363
delta,250,15000,FD_eps_1.0,digital,0.009186884384259209,0.028766905827829592,0.005428589637052829
price,250,17000,MC,call,5.4294196456599435,60.69255764478572,0.23422288502656308
price,250,17000,MC,digital,0.2947871020732057,0.19918710789463176,0.013418136924134738
delta,250,17000,malliavin_A,call,0.5914591178361391,56.41707317316045,0.2258223290694612
delta,250,17000,malliavin_A,digital,0.012406561622073943,0.18148470026039432,0.01280800874931114
delta,250,17000,malliavin_B,call,0.5606964907744463,1.7882557060540174,0.040204662066151364
delta,250,17000,malliavin_B,digital,0.007833288779393837,0.0009725552435868784,0.0009376024773812067
delta,250,17000,FD_eps_1.0,call,0.5748371566082572,0.27807426559484544,0.01585411506209522
delta,250,17000,FD_eps_1.0,digital,0.008762552317629176,0.028773373808516457,0.005099845276148884
price,250,19000,MC,call,5.407218973068951,60.34024979638701,0.22090869922486256
price,250,19000,MC,digital,0.29430037706876333,0.19900024820248075,0.01268633208568759
delta,250,19000,malliavin_A,call,0.5867891547257257,55.49807433622796,0.2118596369347321
delta,250,19000,malliavin_A,digital,0.012046288089179794,0.17999421566293217,0.012065311555213239
delta,250,19000,malliavin_B,call,0.5580002193023328,1.7665131675696004,0.03779790298982877
delta,250,19000,malliavin_B,digital,0.00779758010985142,0.0009705173381116819,0.0008859534746118482
delta,250,19000,FD_eps_1.0,call,0.5734253555813339,0.2780573230224166,0.014996034648658618
delta,250,19000,FD_eps_1.0,digital,0.008427553317658097,0.028753441067199494,0.0048222994996109615
price,250,21000,MC,call,5.425378427211763,60.28543974466188,0.21003063056570426
price,250,21000,MC,digital,0.2934442446682394,0.19867159240691437,0.012057140065146132
delta,250,21000,malliavin_A,call,0.5756337507230889,55.5209824822199,0.20156029763238692
delta,250,21000,malliavin_A,digital,0.01018573695579718,0.17998984413957006,0.011476261090546638
delta,250,21000,malliavin_B,call,0.5574733428319113,1.758337865301372,0.03586968674665547
delta,250,21000,malliavin_B,digital,0.007775058201191069,0.0009639752862777331,0.0008398647804730005
delta,250,21000,FD_eps_1.0,call,0.5744735830740709,0.2781687485986433,0.014266931893061274
delta,250,21000,FD_eps_1.0,digital,0.00792530519064615,0.02867358470329277,0.0045805477525680365
price,250,23000,MC,call,5.465070815394371,61.033748788698915,0.2019329416659268
price,250,23000,MC,digital,0.2947622824943425,0.19917459708901455,0.01153557169331798
delta,250,23000,malliavin_A,call,0.5761698172019326,56.48268548894938,0.19425840458538857
delta,250,23000,malliavin_A,digital,0.009154299783500545,0.17985896800494586,0.010961959611292926
delta,250,23000,malliavin_B,call,0.5644977589146699,1.8022945290106112,0.03470044395818528
delta,250,23000,malliavin_B,digital,0.007767519444035097,0.0009671069833756187,0.0008038211121923974
delta,250,23000,FD_eps_1.0,call,0.5769679494686778,0.27812442197367576,0.013631439232789422
delta,250,23000,FD_eps_1.0,digital,0.008312076961263308,0.028799291788271925,0.004386448684078795
price,250,25000,MC,call,5.442160575864804,60.895942182778384,0.1934684890060847
price,250,25000,MC,digital,0.29326864023835914,0.19860269080953616,0.01104863500719555
delta,250,25000,malliavin_A,call,0.5754764824822376,56.44514535050616,0.18626418673636835
delta,250,25000,malliavin_A,digital,0.008226129599590883,0.17789658574138792,0.010456825704077626
delta,250,25000,malliavin_B,call,0.5623228407855673,1.7856440516973504,0.03312939525919667
delta,250,25000,malliavin_B,digital,0.007770607894742509,0.0009660767412177735,0.0007705873509537718
delta,250,25000,FD_eps_1.0,call,0.5747395988104825,0.27828076840555493,0.013078491655580393
delta,250,25000,FD_eps_1.0,digital,0.00822937812449135,0.028845602340814208,0.004210715206754727
price,250,27000,MC,call,5.458283260637075,61.15544638626042,0.18656138413400036
price,250,27000,MC,digital,0.2923197601611117,0.19823690554328488,0.01062175891366457
delta,250,27000,malliavin_A,call,0.595354219836637,56.757319863050974,0.1797277447144232
delta,250,27000,malliavin_A,digital,0.008093072311444955,0.17746627767364564,0.010049908437475493
delta,250,27000,malliavin_B,call,0.5649053205411076,1.8146160103644307,0.03213635040104368
delta,250,27000,malliavin_B,digital,0.007801693027530718,0.0009729736998157384,0.0007441401466183684
delta,250,27000,FD_eps_1.0,call,0.5746030278180533,0.27865046270664806,0.012593141093373283
delta,250,27000,FD_eps_1.0,digital,0.008087046112904233,0.028589716502055256,0.004033751216447529
price,250,29000,MC,call,5.454281448706679,60.86511005824613,0.17958550237153226
price,250,29000,MC,digital,0.2940115330261101,0.19888625563132079,0.010265720927256639
delta,250,29000,malliavin_A,call,0.5747728788206997,56.19058299303025,0.172551538977749
delta,250,29000,malliavin_A,digital,0.007967451056255112,0.17890431233434534,0.009736379035658826
delta,250,29000,malliavin_B,call,0.5631509377794223,1.8013487977441376,0.0308948417554058
delta,250,29000,malliavin_B,digital,0.007853631982959238,0.000976637799242085,0.000719372501422272
delta,250,29000,FD_eps_1.0,call,0.5754506817891075,0.278479080675933,0.01214740066604092
delta,250,29000,FD_eps_1.0,digital,0.008014541561547161,0.028506313838543795,0.0038864903987539806
price,250,31000,MC,call,5.4522577455697006,60.96179721625389,0.17383375082883212
price,250,31000,MC,digital,0.2941389107490897,0.19893451060489406,0.009930252349973911
delta,250,31000,malliavin_A,call,0.5762081965987678,56.35608662510706,0.16713816667231368
delta,250,31000,malliavin_A,digital,0.007247874517298699,0.17882678488520917,0.009415025580730462
delta,250,31000,malliavin_B,call,0.5630725348383193,1.8084759316659187,0.02994067497480324
delta,250,31000,malliavin_B,digital,0.007899372689966868,0.000976776145926597,0.0006958293489523378
delta,250,31000,FD_eps_1.0,call,0.5752318461962102,0.2785988386622513,0.011751542375666446
delta,250,31000,FD_eps_1.0,digital,0.008139220603955229,0.028324310537799442,0.003747010358586718
price,250,33000,MC,call,5.4535981945166245,60.981559994366755,0.1685110412260098
price,250,33000,MC,digital,0.29404499666519796,0.19889822083100409,0.009623754733419587
delta,250,33000,malliavin_A,call,0.5866070424775809,56.831497199268554,0.16267606020097203
delta,250,33000,malliavin_A,digital,0.008091439306582739,0.17836154930939394,0.00911338494694192
delta,250,33000,malliavin_B,call,0.5631606501861774,1.8057223371321764,0.028997101067911313
delta,250,33000,malliavin_B,digital,0.007932810204996206,0.000978124626332758,0.0006748794338582546
delta,250,33000,FD_eps_1.0,call,0.5753794098483407,0.27856455134410946,0.01138916859414607
delta,250,33000,FD_eps_1.0,digital,0.008307601915983441,0.028291795782076128,0.003629604915079121
price,250,35000,MC,call,5.459056360204649,61.17204642059529,0.16388097894660625
price,250,35000,MC,digital,0.29337954829933616,0.1986429884352024,0.00933874818391578
delta,250,35000,malliavin_A,call,0.5918465477711515,57.374088815139565,0.15871206618716438
delta,250,35000,malliavin_A,digital,0.007622657171714663,0.17861172478195209,0.008855376426119232
delta,250,35000,malliavin_B,call,0.5653182042045172,1.8269100500786668,0.028321133246862473
delta,250,35000,malliavin_B,digital,0.007889659867236562,0.0009746064375177593,0.0006541339391346367
delta,250,35000,FD_eps_1.0,call,0.5750847767577963,0.27880392961852124,0.011063728000078266
delta,250,35000,FD_eps_1.0,digital,0.00788833583698716,0.02813097190157428,0.0035143451600073627
price,250,37000,MC,call,5.460491317675469,61.41901179458182,0.15971165765302509
price,250,37000,MC,digital,0.2925762142360435,0.19833379956416586,0.009075771871906335
delta,250,37000,malliavin_A,call,0.5991341298072144,57.759903960685214,0.15488110420066814
delta,250,37000,malliavin_A,digital,0.00807794454609069,0.17758718008452717,0.00858797972663879
delta,250,37000,malliavin_B,call,0.5668289345091289,1.8388906095912447,0.02763523439537119
delta,250,37000,malliavin_B,digital,0.007865617528420335,0.000972225759163697,0.0006354315389499043
delta,250,37000,FD_eps_1.0,call,0.574348160024831,0.2788904804364458,0.010762224574846213
delta,250,37000,FD_eps_1.0,digital,0.008143874004508427,0.028231919265700154,0.003424170699380915
price,250,39000,MC,call,5.479227291256824,61.643544218710296,0.1558466831974652
price,250,39000,MC,digital,0.29225340491095453,0.19820904106123727,0.00883721647869784
delta,250,39000,malliavin_A,call,0.596671390148256,57.81748762567137,0.1509327105845104
delta,250,39000,malliavin_A,digital,0.007827438024125544,0.177697073684838,0.008367464942616448
delta,250,39000,malliavin_B,call,0.569878987715177,1.847208800579004,0.02697812471539507
delta,250,39000,malliavin_B,digital,0.00781746666569828,0.0009712521464352933,0.0006186140212248517
delta,250,39000,FD_eps_1.0,call,0.575178212178203,0.27891564007906444,0.010483111316035076
delta,250,39000,FD_eps_1.0,digital,0.008223903816353382,0.028264508522333268,0.0033371404300979604
price,250,41000,MC,call,5.48707028434491,61.85752729791807,0.15226160955141843
price,250,41000,MC,digital,0.29151237051666895,0.1979222431495756,0.008612742059515455
delta,250,41000,malliavin_A,call,0.6051544364728985,58.31892068381717,0.14784235694554804
delta,250,41000,malliavin_A,digital,0.00836142266299712,0.17752202365590095,0.008156808355236113
delta,250,41000,malliavin_B,call,0.5721703751313648,1.8677856334134055,0.026458039101650677
delta,250,41000,malliavin_B,digital,0.007814779544949543,0.0009719468764318474,0.0006035529859739789
delta,250,41000,FD_eps_1.0,call,0.5749538522480588,0.2790228411875077,0.010226193754423907
delta,250,41000,FD_eps_1.0,digital,0.008106770615618635,0.02833146895585607,0.003258582231596998
price,250,43000,MC,call,5.471464610290501,61.67271599351166,0.14845621255947705
price,250,43000,MC,digital,0.29172044108483763,0.19800258806019938,0.008411767738845666
delta,250,43000,malliavin_A,call,0.6008063631459539,57.9587808676587,0.14391678880720105
delta,250,43000,malliavin_A,digital,0.008238336405199314,0.17768848659544453,0.007968590024999226
delta,250,43000,malliavin_B,call,0.5695050148354949,1.8574320725844928,0.025763704504034646
delta,250,43000,malliavin_B,digital,0.00781426135755078,0.0009705057676044614,0.0005889126722350311
delta,250,43000,FD_eps_1.0,call,0.5741583870605448,0.2789022929743347,0.00998338642592378
delta,250,43000,FD_eps_1.0,digital,0.008406766540623703,0.02846216832970842,0.0031892299260845546
price,250,45000,MC,call,5.473144011183039,61.79138911723973,0.14525924730411788
price,250,45000,MC,digital,0.2919962783165956,0.19810905997793957,0.008224925611612255
delta,250,45000,malliavin_A,call,0.6037198664943414,58.24402161487973,0.14102804557509407
delta,250,45000,malliavin_A,digital,0.00784531285314214,0.17771588141512193,0.0077900981596687215
delta,250,45000,malliavin_B,call,0.5704655188692945,1.8705071446198962,0.02527315703230837
delta,250,45000,malliavin_B,digital,0.007840321812112408,0.0009737824700060741,0.0005766479948249061
delta,250,45000,FD_eps_1.0,call,0.5742152909301612,0.27889548744075193,0.009758892945194608
delta,250,45000,FD_eps_1.0,digital,0.008421310685570943,0.028533197292416303,0.0031214402760911713
price,250,47000,MC,call,5.468951807612938,61.74801645109724,0.14208513480230955
price,250,47000,MC,digital,0.2926822433627681,0.19837350095327946,0.008053394374950118
delta,250,47000,malliavin_A,call,0.606618677803757,57.936182025925255,0.1376296717361314
delta,250,47000,malliavin_A,digital,0.008309156445532057,0.17762187136935512,0.0076205331865311435
delta,250,47000,malliavin_B,call,0.5700408521092342,1.8739076727276442,0.024752053369454075
delta,250,47000,malliavin_B,digital,0.007893139214159123,0.0009807917402416997,0.0005662725867412984
delta,250,47000,FD_eps_1.0,call,0.5743893708735583,0.27871059076370036,0.009545833915748148
delta,250,47000,FD_eps_1.0,digital,0.008610123138079316,0.028670331604189855,0.00306163557861252
price,250,49000,MC,call,5.482489336615744,61.96094471186091,0.1393949506317913
price,250,49000,MC,digital,0.29277747596831827,0.19840999262620396,0.007888052591582873
delta,250,49000,malliavin_A,call,0.6046313574695785,57.93447446682327,0.13478965536270127
delta,250,49000,malliavin_A,digital,0.008279617621110963,0.17734646312009328,0.007457603558413471
delta,250,49000,malliavin_B,call,0.5724225289860558,1.8834772323869953,0.024303466009533814
delta,250,49000,malliavin_B,digital,0.007898626613687216,0.0009840465652376962,0.00055551507887594
delta,250,49000,FD_eps_1.0,call,0.5752640275807617,0.2787074697605612,0.009348939111841092
delta,250,49000,FD_eps_1.0,digital,0.008734009801936574,0.028600069811096203,0.0029948258534946183
price,250,51000,MC,call,5.479979111954919,61.875993968698175,0.1365406837109262
price,250,51000,MC,digital,0.293512203038936,0.19869208907166383,0.007737332617228199
delta,250,51000,malliavin_A,call,0.6011522277523687,57.64680824278265,0.13179186756590022
delta,250,51000,malliavin_A,digital,0.008164459924128667,0.17747627119146817,0.0073125883586236395
delta,250,51000,malliavin_B,call,0.5719583556501241,1.8781178932790394,0.023788245076698633
delta,250,51000,malliavin_B,digital,0.00791582210678244,0.0009852589005903223,0.00054484900534741
delta,250,51000,FD_eps_1.0,call,0.5755244561076921,0.27864430445017835,0.009162754787301663
delta,250,51000,FD_eps_1.0,digital,0.00870546728624397,0.028560879767475993,0.0029335045722932752
